Price,^VIX,^TNX,GLD,^GSPC,AUDUSD=X
Ticker,^VIX,^TNX,GLD,^GSPC,AUDUSD=X
Date,,,,,
2022-01-03,16.600000381469727,1.628000020980835,168.3300018310547,4796.56005859375,0.7268181443214417
2022-01-04,16.90999984741211,1.6679999828338623,169.57000732421875,4793.5400390625,0.7197999358177185
2022-01-05,19.729999542236328,1.7050000429153442,169.05999755859375,4700.580078125,0.7238802313804626
2022-01-06,19.610000610351562,1.7330000400543213,166.99000549316406,4696.0498046875,0.7220800518989563
2022-01-07,18.760000228881836,1.7710000276565552,167.75,4677.02978515625,0.7162600159645081
2022-01-10,19.399999618530273,1.7799999713897705,168.25999450683594,4670.2900390625,0.7179111242294312
2022-01-11,18.40999984741211,1.746000051498413,170.2899932861328,4713.06982421875,0.71809983253479
2022-01-12,17.6200008392334,1.725000023841858,170.74000549316406,4726.35009765625,0.7209799885749817
2022-01-13,20.309999465942383,1.7109999656677246,170.16000366210938,4659.02978515625,0.7282207608222961
2022-01-14,19.190000534057617,1.7719999551773071,169.6699981689453,4662.85009765625,0.7282260060310364
2022-01-18,22.790000915527344,1.8650000095367432,169.38999938964844,4577.10986328125,0.7210798263549805
2022-01-19,23.850000381469727,1.8270000219345093,172.0800018310547,4532.759765625,0.7187501788139343
2022-01-20,25.59000015258789,1.8329999446868896,171.64999389648438,4482.72998046875,0.721700131893158
2022-01-21,28.850000381469727,1.746999979019165,171.08999633789062,4397.93994140625,0.7217090129852295
2022-01-24,29.899999618530273,1.7350000143051147,172.02999877929688,4410.1298828125,0.7187884449958801
2022-01-25,31.15999984741211,1.7829999923706055,172.5800018310547,4356.4501953125,0.715449869632721
2022-01-26,31.959999084472656,1.8480000495910645,169.7899932861328,4349.93017578125,0.7158800363540649
2022-01-27,30.489999771118164,1.8070000410079956,167.60000610351562,4326.509765625,0.7122999429702759
2022-01-28,27.65999984741211,1.781999945640564,167.10000610351562,4431.85009765625,0.7035500407218933
2022-01-31,24.829999923706055,1.781999945640564,168.08999633789062,4515.5498046875,0.6997998356819153
2022-02-01,21.959999084472656,1.7999999523162842,168.22999572753906,4546.5400390625,0.7068301439285278
2022-02-02,22.09000015258789,1.7660000324249268,168.83999633789062,4589.3798828125,0.7133991122245789
2022-02-03,24.350000381469727,1.8270000219345093,168.60000610351562,4477.43994140625,0.7120797634124756
2022-02-04,23.219999313354492,1.9299999475479126,168.86000061035156,4500.52978515625,0.7145000696182251
2022-02-07,22.860000610351562,1.9160000085830688,170.11000061035156,4483.8701171875,0.7080298066139221
2022-02-08,21.440000534057617,1.9539999961853027,170.6300048828125,4521.5400390625,0.7129998207092285
2022-02-09,19.959999084472656,1.9290000200271606,171.2100067138672,4587.18017578125,0.7145919799804688
2022-02-10,23.90999984741211,2.0309998989105225,170.55999755859375,4504.080078125,0.7177411317825317
2022-02-11,27.360000610351562,1.9550000429153442,173.80999755859375,4418.64013671875,0.7161697745323181
2022-02-14,28.329999923706055,1.996000051498413,174.74000549316406,4401.669921875,0.7144796252250671
2022-02-15,25.700000762939453,2.0450000762939453,173.0800018310547,4471.06982421875,0.7132098078727722
2022-02-16,24.290000915527344,2.046999931335449,174.86000061035156,4475.009765625,0.7149087190628052
2022-02-17,28.110000610351562,1.972000002861023,177.25,4380.259765625,0.7194502949714661
2022-02-18,27.75,1.9320000410079956,177.1199951171875,4348.8701171875,0.71893310546875
2022-02-22,28.809999465942383,1.9479999542236328,177.49000549316406,4304.759765625,0.718450129032135
2022-02-23,31.020000457763672,1.9769999980926514,178.2899932861328,4225.5,0.7226895689964294
2022-02-24,30.31999969482422,1.968999981880188,177.13999938964844,4288.7001953125,0.7227997779846191
2022-02-25,27.59000015258789,1.9859999418258667,176.5500030517578,4384.64990234375,0.7160200476646423
2022-02-28,30.149999618530273,1.8389999866485596,178.3800048828125,4373.93994140625,0.7186489701271057
2022-03-01,33.31999969482422,1.7070000171661377,181.6199951171875,4306.259765625,0.7262001037597656
2022-03-02,30.739999771118164,1.8650000095367432,179.72999572753906,4386.5400390625,0.7261425852775574
2022-03-03,30.479999542236328,1.843999981880188,180.8000030517578,4363.490234375,0.729341447353363
2022-03-04,31.979999542236328,1.7239999771118164,183.67999267578125,4328.8701171875,0.7336999773979187
2022-03-07,36.45000076293945,1.7510000467300415,186.41000366210938,4201.08984375,0.7394808530807495
2022-03-08,35.130001068115234,1.871999979019165,191.50999450683594,4170.7001953125,0.7328498363494873
2022-03-09,32.45000076293945,1.9479999542236328,185.82000732421875,4277.8798828125,0.7267916798591614
2022-03-10,30.229999542236328,2.010999917984009,186.39999389648438,4259.52001953125,0.731689989566803
2022-03-11,30.75,2.003999948501587,185.08999633789062,4204.31005859375,0.7365999817848206
2022-03-14,31.770000457763672,2.140000104904175,182.3000030517578,4173.10986328125,0.72965008020401
2022-03-15,29.829999923706055,2.1600000858306885,178.88999938964844,4262.4501953125,0.71986985206604
2022-03-16,26.670000076293945,2.187999963760376,180.00999450683594,4357.85986328125,0.7191000580787659
2022-03-17,25.670000076293945,2.191999912261963,180.88999938964844,4411.669921875,0.7288799285888672
2022-03-18,23.8700008392334,2.1480000019073486,179.3000030517578,4463.1201171875,0.738099992275238
2022-03-21,23.530000686645508,2.315000057220459,180.6699981689453,4461.18017578125,0.7409987449645996
2022-03-22,22.940000534057617,2.372999906539917,179.36000061035156,4511.60986328125,0.7395793199539185
2022-03-23,23.56999969482422,2.321000099182129,181.80999755859375,4456.240234375,0.7462301850318909
2022-03-24,21.670000076293945,2.3410000801086426,183.1300048828125,4520.16015625,0.7499175071716309
2022-03-25,20.809999465942383,2.492000102996826,182.3800048828125,4543.06005859375,0.7514277100563049
2022-03-28,19.6299991607666,2.4769999980926514,179.05999755859375,4575.52001953125,0.7518231272697449
2022-03-29,18.899999618530273,2.4000000953674316,179.13999938964844,4631.60009765625,0.7499501705169678
2022-03-30,19.329999923706055,2.3580000400543213,180.5800018310547,4602.4501953125,0.7514672875404358
2022-03-31,20.559999465942383,2.3269999027252197,180.64999389648438,4530.41015625,0.7503001093864441
2022-04-01,19.6299991607666,2.377000093460083,179.5,4545.85986328125,0.7491927742958069
2022-04-04,18.56999969482422,2.4119999408721924,180.3699951171875,4582.64013671875,0.7486487030982971
2022-04-05,21.030000686645508,2.555999994277954,179.24000549316406,4525.1201171875,0.7543901801109314
2022-04-06,22.100000381469727,2.6089999675750732,179.66000366210938,4481.14990234375,0.7585699558258057
2022-04-07,21.549999237060547,2.6519999504089355,180.33999633789062,4500.2099609375,0.7505084872245789
2022-04-08,21.15999984741211,2.7130000591278076,181.47000122070312,4488.27978515625,0.7478480935096741
2022-04-11,24.3700008392334,2.7799999713897705,182.3699951171875,4412.52978515625,0.7446514964103699
2022-04-12,24.260000228881836,2.7249999046325684,183.77000427246094,4397.4501953125,0.7415317296981812
2022-04-13,21.81999969482422,2.687000036239624,184.64999389648438,4446.58984375,0.7454997897148132
2022-04-14,22.700000762939453,2.828000068664551,184.0399932861328,4392.58984375,0.7451497912406921
2022-04-18,22.170000076293945,2.861999988555908,184.61000061035156,4391.68994140625,0.7393824458122253
2022-04-19,21.3700008392334,2.9130001068115234,181.82000732421875,4462.2099609375,0.7357593774795532
2022-04-20,20.31999969482422,2.8399999141693115,182.7100067138672,4459.4501953125,0.7393988370895386
2022-04-21,22.68000030517578,2.9170000553131104,182.05999755859375,4393.66015625,0.7446997761726379
2022-04-22,28.209999084472656,2.9059998989105225,180.2899932861328,4271.77978515625,0.7361114025115967
2022-04-25,27.020000457763672,2.8259999752044678,177.0500030517578,4296.1201171875,0.7236937284469604
2022-04-26,33.52000045776367,2.7720000743865967,177.32000732421875,4175.2001953125,0.717849850654602
2022-04-27,31.600000381469727,2.818000078201294,175.97999572753906,4183.9599609375,0.714600145816803
2022-04-28,29.989999771118164,2.86299991607666,176.92999267578125,4287.5,0.7125704288482666
2022-04-29,33.400001525878906,2.88700008392334,176.91000366210938,4131.93017578125,0.710883617401123
2022-05-02,32.34000015258789,2.996000051498413,173.6300048828125,4155.3798828125,0.7065390348434448
2022-05-03,29.25,2.9600000381469727,174.08999633789062,4175.47998046875,0.7050997614860535
2022-05-04,25.420000076293945,2.9170000553131104,175.8000030517578,4300.169921875,0.7103786468505859
2022-05-05,31.200000762939453,3.065999984741211,175.1300048828125,4146.8701171875,0.7252898812294006
2022-05-06,30.190000534057617,3.122999906539917,175.4199981689453,4123.33984375,0.712100088596344
2022-05-09,34.75,3.0789999961853027,172.8800048828125,3991.239990234375,0.7046997547149658
2022-05-10,32.9900016784668,2.993000030517578,171.4199981689453,4001.050048828125,0.6957392692565918
2022-05-11,32.560001373291016,2.9210000038146973,172.82000732421875,3935.179931640625,0.693600058555603
2022-05-12,31.770000457763672,2.816999912261963,170.1699981689453,3930.080078125,0.692750096321106
2022-05-13,28.8700008392334,2.934999942779541,168.7899932861328,4023.889892578125,0.6871907711029053
2022-05-16,27.469999313354492,2.877000093460083,170.39999389648438,4008.010009765625,0.6946181058883667
2022-05-17,26.100000381469727,2.9679999351501465,169.3300018310547,4088.85009765625,0.6972820162773132
2022-05-18,30.959999084472656,2.885999917984009,169.4199981689453,3923.679931640625,0.7032843232154846
2022-05-19,29.350000381469727,2.8550000190734863,171.91000366210938,3900.7900390625,0.695900022983551
2022-05-20,29.43000030517578,2.7869999408721924,172.02999877929688,3901.360107421875,0.7041500210762024
2022-05-23,28.479999542236328,2.8589999675750732,172.8300018310547,3973.75,0.7062894701957703
2022-05-24,29.450000762939453,2.759999990463257,174.1300048828125,3941.47998046875,0.7088980674743652
2022-05-25,28.3700008392334,2.749000072479248,173.0800018310547,3978.72998046875,0.7103200554847717
2022-05-26,27.5,2.75600004196167,172.75999450683594,4057.840087890625,0.708939790725708
2022-05-27,25.719999313354492,2.743000030517578,172.85000610351562,4158.240234375,0.7098793983459473
2022-05-31,26.190000534057617,2.8440001010894775,171.13999938964844,4132.14990234375,0.7195202112197876
2022-06-01,25.690000534057617,2.930999994277954,172.22999572753906,4101.22998046875,0.7182618379592896
2022-06-02,24.719999313354492,2.9130001068115234,174.35000610351562,4176.81982421875,0.7173600792884827
2022-06-03,24.790000915527344,2.9570000171661377,172.5800018310547,4108.5400390625,0.726900041103363
2022-06-06,25.06999969482422,3.0380001068115234,171.82000732421875,4121.43017578125,0.7204922437667847
2022-06-07,24.020000457763672,2.9719998836517334,172.94000244140625,4160.68017578125,0.7188607454299927
2022-06-08,23.959999084472656,3.0290000438690186,172.77999877929688,4115.77001953125,0.7220602631568909
2022-06-09,26.09000015258789,3.0439999103546143,172.22999572753906,4017.820068359375,0.7186489701271057
2022-06-10,27.75,3.1559998989105225,174.5399932861328,3900.860107421875,0.7098188996315002
2022-06-13,34.02000045776367,3.365999937057495,169.92999267578125,3749.6298828125,0.7018282413482666
2022-06-14,32.689998626708984,3.4830000400543213,168.57000732421875,3735.47998046875,0.6941600441932678
2022-06-15,29.6200008392334,3.3949999809265137,170.77000427246094,3789.989990234375,0.6889899373054504
2022-06-16,32.95000076293945,3.306999921798706,172.69000244140625,3666.77001953125,0.7016903758049011
2022-06-17,31.1299991607666,3.239000082015991,171.27000427246094,3674.840087890625,0.704049825668335
2022-06-21,30.190000534057617,3.306999921798706,170.6300048828125,3764.7900390625,0.6969500780105591
2022-06-22,28.950000762939453,3.1559998989105225,171.30999755859375,3759.889892578125,0.6961801052093506
2022-06-23,29.049999237060547,3.068000078201294,170.25999450683594,3795.72998046875,0.6905218958854675
2022-06-24,27.229999542236328,3.125,170.08999633789062,3911.739990234375,0.6903502941131592
2022-06-27,26.950000762939453,3.194000005722046,169.89999389648438,3900.110107421875,0.6943383812904358
2022-06-28,28.360000610351562,3.2060000896453857,169.6199951171875,3821.550048828125,0.6922522783279419
2022-06-29,28.15999984741211,3.0929999351501465,169.49000549316406,3818.830078125,0.6904398798942566
2022-06-30,28.709999084472656,2.9719998836517334,168.4600067138672,3785.3798828125,0.6880465745925903
2022-07-01,26.700000762939453,2.8889999389648438,168.32000732421875,3825.330078125,0.6897598505020142
2022-07-05,27.540000915527344,2.809000015258789,164.75,3831.389892578125,0.6873797178268433
2022-07-06,26.729999542236328,2.9130001068115234,162.13999938964844,3845.080078125,0.6793201565742493
2022-07-07,26.079999923706055,3.007999897003174,162.22999572753906,3902.6201171875,0.6786000728607178
2022-07-08,24.639999389648438,3.1010000705718994,162.3000030517578,3899.3798828125,0.6849000453948975
2022-07-11,26.170000076293945,2.990999937057495,161.42999267578125,3854.429931640625,0.6845798492431641
2022-07-12,27.290000915527344,2.9579999446868896,160.8300018310547,3818.800048828125,0.6743316054344177
2022-07-13,26.81999969482422,2.9040000438690186,161.60000610351562,3801.780029296875,0.674700140953064
2022-07-14,26.399999618530273,2.9600000381469727,159.3300018310547,3790.3798828125,0.6732302308082581
2022-07-15,24.229999542236328,2.930000066757202,159.00999450683594,3863.159912109375,0.6754885315895081
2022-07-18,25.299999237060547,2.9600000381469727,159.16000366210938,3830.85009765625,0.6814774870872498
2022-07-19,24.5,3.0190000534057617,159.5399932861328,3936.68994140625,0.6810198426246643
2022-07-20,23.8799991607666,3.0360000133514404,158.0399932861328,3959.89990234375,0.6897978782653809
2022-07-21,23.110000610351562,2.9100000858306885,160.27000427246094,3998.949951171875,0.6887384057044983
2022-07-22,23.030000686645508,2.7829999923706055,160.6699981689453,3961.6298828125,0.692290186882019
2022-07-25,23.360000610351562,2.819999933242798,160.22999572753906,3966.840087890625,0.6904694437980652
2022-07-26,24.690000534057617,2.7869999408721924,160.0399932861328,3921.050048828125,0.6951202750205994
2022-07-27,23.239999771118164,2.7339999675750732,161.6699981689453,4023.610107421875,0.6947387456893921
2022-07-28,22.329999923706055,2.680999994277954,163.63999938964844,4072.429931640625,0.6994900107383728
2022-07-29,21.329999923706055,2.6419999599456787,164.10000610351562,4130.2900390625,0.7000839710235596
2022-08-01,22.84000015258789,2.6059999465942383,165.02999877929688,4118.6298828125,0.6971215605735779
2022-08-02,23.93000030517578,2.740999937057495,164.0500030517578,4091.18994140625,0.7023902535438538
2022-08-03,21.950000762939453,2.747999906539917,164.4499969482422,4155.169921875,0.6890298128128052
2022-08-04,21.440000534057617,2.6760001182556152,167.1699981689453,4151.93994140625,0.693899929523468
2022-08-05,21.149999618530273,2.8399999141693115,165.2899932861328,4145.18994140625,0.6959198713302612
2022-08-08,21.290000915527344,2.765000104904175,166.69000244140625,4140.06005859375,0.6902502179145813
2022-08-09,21.770000457763672,2.796999931335449,167.1999969482422,4122.47021484375,0.6987700462341309
2022-08-10,19.739999771118164,2.7860000133514404,166.77999877929688,4210.240234375,0.6957005858421326
2022-08-11,20.200000762939453,2.888000011444092,166.33999633789062,4207.27001953125,0.7078142762184143
2022-08-12,19.530000686645508,2.8489999771118164,167.8699951171875,4280.14990234375,0.7102898359298706
2022-08-15,19.950000762939453,2.7909998893737793,165.7100067138672,4297.14013671875,0.7116677761077881
2022-08-16,19.690000534057617,2.8239998817443848,165.4199981689453,4305.2001953125,0.7020002603530884
2022-08-17,19.899999618530273,2.8929998874664307,164.35000610351562,4274.0400390625,0.7019400596618652
2022-08-18,19.559999465942383,2.880000114440918,163.9199981689453,4283.740234375,0.693040132522583
2022-08-19,20.600000381469727,2.989000082015991,162.72000122070312,4228.47998046875,0.691119909286499
2022-08-22,23.799999237060547,3.0369999408721924,161.63999938964844,4137.990234375,0.6877105832099915
2022-08-23,24.110000610351562,3.053999900817871,162.77000427246094,4128.72998046875,0.6878700256347656
2022-08-24,22.81999969482422,3.1059999465942383,163.25,4140.77001953125,0.6923002004623413
2022-08-25,21.780000686645508,3.0260000228881836,163.75,4199.1201171875,0.6907985806465149
2022-08-26,25.559999465942383,3.0350000858306885,161.75999450683594,4057.659912109375,0.6963981986045837
2022-08-29,26.209999084472656,3.109999895095825,161.86000061035156,4030.610107421875,0.6866905689239502
2022-08-30,26.209999084472656,3.109999895095825,160.50999450683594,3986.159912109375,0.6907508373260498
2022-08-31,25.8700008392334,3.132999897003174,159.27000427246094,3955.0,0.6857398152351379
2022-09-01,25.559999465942383,3.265000104904175,157.8699951171875,3966.85009765625,0.6828502416610718
2022-09-02,25.469999313354492,3.193000078201294,159.25999450683594,3924.260009765625,0.6795302033424377
2022-09-06,26.90999984741211,3.3399999141693115,158.3300018310547,3908.18994140625,0.6813998818397522
2022-09-07,24.639999389648438,3.265000104904175,159.94000244140625,3979.8701171875,0.6730109453201294
2022-09-08,23.610000610351562,3.2920000553131104,158.97999572753906,4006.179931640625,0.6751401424407959
2022-09-09,22.790000915527344,3.321000099182129,159.82000732421875,4067.360107421875,0.6765899658203125
2022-09-12,23.8700008392334,3.361999988555908,160.6300048828125,4110.41015625,0.6846998333930969
2022-09-13,27.270000457763672,3.421999931335449,158.5399932861328,3932.68994140625,0.689398467540741
2022-09-14,26.15999984741211,3.4119999408721924,157.92999267578125,3946.010009765625,0.6743001937866211
2022-09-15,26.270000457763672,3.4590001106262207,154.97999572753906,3901.35009765625,0.6751797795295715
2022-09-16,26.299999237060547,3.447999954223633,155.83999633789062,3873.330078125,0.6687299013137817
2022-09-19,25.760000228881836,3.490000009536743,155.9600067138672,3899.889892578125,0.6726998686790466
2022-09-20,27.15999984741211,3.571000099182129,155.07000732421875,3855.929931640625,0.6733698844909668
2022-09-21,27.989999771118164,3.509999990463257,155.7899932861328,3789.929931640625,0.6694202423095703
2022-09-22,27.350000381469727,3.7079999446868896,155.6999969482422,3757.989990234375,0.661010205745697
2022-09-23,29.920000076293945,3.697000026702881,153.00999450683594,3693.22998046875,0.66454017162323
2022-09-26,32.2599983215332,3.878000020980835,151.22999572753906,3655.0400390625,0.653069794178009
2022-09-27,32.599998474121094,3.9639999866485596,151.5399932861328,3647.2900390625,0.6476000547409058
2022-09-28,30.18000030517578,3.7049999237060547,154.69000244140625,3719.0400390625,0.6438001394271851
2022-09-29,31.84000015258789,3.746999979019165,154.66000366210938,3640.469970703125,0.6504995822906494
2022-09-30,31.6200008392334,3.803999900817871,154.6699981689453,3585.6201171875,0.6512998938560486
2022-10-03,30.100000381469727,3.6510000228881836,158.42999267578125,3678.429931640625,0.6420958042144775
2022-10-04,29.06999969482422,3.617000102996826,160.6999969482422,3790.929931640625,0.6501798629760742
2022-10-05,28.549999237060547,3.759000062942505,159.80999755859375,3783.280029296875,0.6514102220535278
2022-10-06,30.520000457763672,3.8259999752044678,159.6300048828125,3744.52001953125,0.651269793510437
2022-10-07,31.360000610351562,3.882999897003174,157.8800048828125,3639.659912109375,0.6414409279823303
2022-10-10,32.45000076293945,3.888000011444092,155.47999572753906,3612.389892578125,0.6369832158088684
2022-10-11,33.630001068115234,3.938999891281128,155.16000366210938,3588.840087890625,0.6294810771942139
2022-10-12,33.56999969482422,3.9019999504089355,155.99000549316406,3577.030029296875,0.6266409754753113
2022-10-13,31.940000534057617,3.9519999027252197,154.91000366210938,3669.909912109375,0.6277306079864502
2022-10-14,32.02000045776367,4.010000228881836,152.97999572753906,3583.070068359375,0.630099892616272
2022-10-17,31.3700008392334,4.014999866485596,153.4199981689453,3677.949951171875,0.6223937273025513
2022-10-18,30.5,3.997999906539917,153.75,3719.97998046875,0.6298815608024597
2022-10-19,30.760000228881836,4.126999855041504,151.69000244140625,3695.159912109375,0.6316401362419128
2022-10-20,29.979999542236328,4.22599983215332,151.4499969482422,3665.780029296875,0.6263701915740967
2022-10-21,29.690000534057617,4.2129998207092285,154.14999389648438,3752.75,0.6274706721305847
2022-10-24,29.850000381469727,4.234000205993652,153.64999389648438,3797.340087890625,0.6371902227401733
2022-10-25,28.459999084472656,4.107999801635742,154.0,3859.110107421875,0.6329598426818848
2022-10-26,27.280000686645508,4.014999866485596,154.97999572753906,3830.60009765625,0.6385700106620789
2022-10-27,27.389999389648438,3.937000036239624,154.74000549316406,3807.300048828125,0.6493498086929321
2022-10-28,25.75,4.010000228881836,153.16000366210938,3901.06005859375,0.6450905799865723
2022-10-31,25.8799991607666,4.077000141143799,151.91000366210938,3871.97998046875,0.6401310563087463
2022-11-01,25.809999465942383,4.052000045776367,153.4600067138672,3856.10009765625,0.6409898996353149
2022-11-02,25.860000610351562,4.059000015258789,152.38999938964844,3759.68994140625,0.6396700143814087
2022-11-03,25.299999237060547,4.124000072479248,151.80999755859375,3719.889892578125,0.6338501572608948
2022-11-04,24.549999237060547,4.156000137329102,156.47000122070312,3770.550048828125,0.6288517117500305
2022-11-07,24.350000381469727,4.214000225067139,155.85000610351562,3806.800048828125,0.6439315676689148
2022-11-08,25.540000915527344,4.125999927520752,159.4499969482422,3828.110107421875,0.6474796533584595
2022-11-09,26.09000015258789,4.151000022888184,158.64999389648438,3748.570068359375,0.65091872215271
2022-11-10,23.530000686645508,3.8289999961853027,163.47999572753906,3956.3701171875,0.6434178352355957
2022-11-11,22.520000457763672,3.812999963760376,164.55999755859375,3992.929931640625,0.6606900691986084
2022-11-14,23.729999542236328,3.865000009536743,164.9199981689453,3957.25,0.6698821187019348
2022-11-15,24.540000915527344,3.7990000247955322,165.5,3991.72998046875,0.669189989566803
2022-11-16,24.110000610351562,3.691999912261963,165.1199951171875,3958.7900390625,0.6769499778747559
2022-11-17,23.93000030517578,3.7750000953674316,163.9199981689453,3946.56005859375,0.6739497780799866
2022-11-18,23.1200008392334,3.818000078201294,162.7899932861328,3965.340087890625,0.6689200401306152
2022-11-21,22.360000610351562,3.825000047683716,161.8800048828125,3949.93994140625,0.6682080030441284
2022-11-22,21.290000915527344,3.757999897003174,162.07000732421875,4003.580078125,0.6607800126075745
2022-11-23,20.350000381469727,3.7060000896453857,163.0800018310547,4027.260009765625,0.66498202085495
2022-11-25,20.5,3.690999984741211,163.22000122070312,4026.1201171875,0.6765598058700562
2022-11-28,22.209999084472656,3.703000068664551,161.92999267578125,3963.93994140625,0.6711905002593994
2022-11-29,21.889999389648438,3.747999906539917,162.72999572753906,3957.6298828125,0.665198802947998
2022-11-30,20.579999923706055,3.703000068664551,164.80999755859375,4080.110107421875,0.668408989906311
2022-12-01,19.84000015258789,3.5290000438690186,167.83999633789062,4076.570068359375,0.6799598932266235
2022-12-02,19.059999465942383,3.50600004196167,167.25999450683594,4071.699951171875,0.6811015009880066
2022-12-05,20.75,3.5989999771118164,164.38999938964844,3998.840087890625,0.6813009977340698
2022-12-06,22.170000076293945,3.513000011444092,164.83999633789062,3941.260009765625,0.6707807779312134
2022-12-07,22.68000030517578,3.4079999923706055,166.3300018310547,3933.919921875,0.6698821187019348
2022-12-08,22.290000915527344,3.490999937057495,166.47000122070312,3963.510009765625,0.6726998686790466
2022-12-09,22.829999923706055,3.566999912261963,167.05999755859375,3934.3798828125,0.6776500344276428
2022-12-12,25.0,3.6110000610351562,165.67999267578125,3990.56005859375,0.6781408190727234
2022-12-13,22.549999237060547,3.500999927520752,168.50999450683594,4019.64990234375,0.6754000186920166
2022-12-14,21.139999389648438,3.503000020980835,168.10000610351562,3995.320068359375,0.6842299699783325
2022-12-15,22.829999923706055,3.450000047683716,165.35000610351562,3895.75,0.6857798099517822
2022-12-16,22.6200008392334,3.4820001125335693,166.7899932861328,3852.360107421875,0.6705918908119202
2022-12-19,22.420000076293945,3.5810000896453857,166.32000732421875,3817.659912109375,0.6687487363815308
2022-12-20,21.479999542236328,3.684000015258789,169.0800018310547,3821.6201171875,0.6707807779312134
2022-12-21,20.06999969482422,3.684000015258789,168.8000030517578,3878.43994140625,0.6688498258590698
2022-12-22,21.969999313354492,3.6689999103546143,166.75999450683594,3822.389892578125,0.6716818809509277
2022-12-23,20.8700008392334,3.750999927520752,167.25999450683594,3844.820068359375,0.6678001284599304
2022-12-27,21.649999618530273,3.859999895095825,168.6699981689453,3829.25,0.674458920955658
2022-12-28,22.139999389648438,3.88700008392334,167.91000366210938,3783.219970703125,0.6729927659034729
2022-12-29,21.440000534057617,3.8350000381469727,168.85000610351562,3849.280029296875,0.6747100949287415
2022-12-30,21.670000076293945,3.878999948501587,169.63999938964844,3839.5,0.6766000390052795
2023-01-03,22.899999618530273,3.7929999828338623,171.05999755859375,3824.139892578125,0.6805600523948669
2023-01-04,22.010000228881836,3.7090001106262207,172.6699981689453,3852.969970703125,0.6727999448776245
2023-01-05,22.459999084472656,3.7200000286102295,170.52000427246094,3808.10009765625,0.6829108595848083
2023-01-06,21.1299991607666,3.569000005722046,173.7100067138672,3895.080078125,0.6755697727203369
2023-01-09,21.969999313354492,3.5169999599456787,174.10000610351562,3892.090087890625,0.689398467540741
2023-01-10,20.579999923706055,3.621000051498413,174.74000549316406,3919.25,0.6909699440002441
2023-01-11,21.09000015258789,3.553999900817871,174.6199951171875,3969.610107421875,0.6895001530647278
2023-01-12,18.829999923706055,3.4489998817443848,176.63999938964844,3983.169921875,0.6910998225212097
2023-01-13,18.350000381469727,3.510999917984009,178.75999450683594,3999.090087890625,0.6967815160751343
2023-01-17,19.360000610351562,3.5350000858306885,177.58999633789062,3990.969970703125,0.6966398358345032
2023-01-18,20.34000015258789,3.375,177.0800018310547,3928.860107421875,0.6988413333892822
2023-01-19,20.520000457763672,3.3970000743865967,179.88999938964844,3898.85009765625,0.6944000720977783
2023-01-20,19.850000381469727,3.4839999675750732,179.2899932861328,3972.610107421875,0.691399872303009
2023-01-23,19.809999465942383,3.5250000953674316,179.6300048828125,4019.81005859375,0.6982703804969788
2023-01-24,19.200000762939453,3.4690001010894775,180.27999877929688,4016.949951171875,0.702928364276886
2023-01-25,19.079999923706055,3.4619998931884766,181.11000061035156,4016.219970703125,0.7046719789505005
2023-01-26,18.729999542236328,3.493000030517578,179.47000122070312,4060.429931640625,0.7108199596405029
2023-01-27,18.510000228881836,3.5179998874664307,179.22000122070312,4070.56005859375,0.7113898396492004
2023-01-30,19.940000534057617,3.5510001182556152,178.75999450683594,4017.77001953125,0.7107977271080017
2023-01-31,19.399999618530273,3.5290000438690186,179.41000366210938,4076.60009765625,0.7058099508285522
2023-02-01,17.8700008392334,3.3970000743865967,181.6699981689453,4119.2099609375,0.7051399946212769
2023-02-02,18.729999542236328,3.3959999084472656,177.89999389648438,4179.759765625,0.7145000696182251
2023-02-03,18.329999923706055,3.5320000648498535,173.4600067138672,4136.47998046875,0.7074687480926514
2023-02-06,19.43000030517578,3.634000062942505,173.82000732421875,4111.080078125,0.6920798420906067
2023-02-07,18.65999984741211,3.6740000247955322,173.97999572753906,4164.0,0.6887801885604858
2023-02-08,19.6299991607666,3.6530001163482666,174.41000366210938,4117.85986328125,0.6964598298072815
2023-02-09,20.709999084472656,3.683000087738037,173.02999877929688,4081.5,0.6930001974105835
2023-02-10,20.530000686645508,3.74399995803833,173.36000061035156,4090.4599609375,0.6939384341239929
2023-02-13,20.34000015258789,3.7170000076293945,172.47999572753906,4137.2900390625,0.6913477778434753
2023-02-14,18.90999984741211,3.760999917984009,172.61000061035156,4136.1298828125,0.6970000863075256
2023-02-15,18.229999542236328,3.809000015258789,170.88999938964844,4147.60009765625,0.6987583041191101
2023-02-16,20.170000076293945,3.8429999351501465,170.75,4090.409912109375,0.690689742565155
2023-02-17,20.020000457763672,3.828000068664551,171.25999450683594,4079.090087890625,0.6862400770187378
2023-02-21,22.8700008392334,3.9549999237060547,170.6199951171875,3997.340087890625,0.6909002065658569
2023-02-22,22.290000915527344,3.9230000972747803,169.66000366210938,3991.050048828125,0.686190128326416
2023-02-23,21.139999389648438,3.878999948501587,169.57000732421875,4012.320068359375,0.6812916994094849
2023-02-24,21.670000076293945,3.9489998817443848,168.35000610351562,3970.0400390625,0.6810133457183838
2023-02-27,20.950000762939453,3.921999931335449,169.00999450683594,3982.239990234375,0.6735684871673584
2023-02-28,20.700000762939453,3.9159998893737793,169.77999877929688,3970.14990234375,0.6743001937866211
2023-03-01,20.579999923706055,3.99399995803833,170.75999450683594,3951.389892578125,0.6730788350105286
2023-03-02,19.59000015258789,4.072999954223633,170.66000366210938,3981.35009765625,0.6759798526763916
2023-03-03,18.489999771118164,3.9639999866485596,172.49000549316406,4045.639892578125,0.6735000014305115
2023-03-06,18.610000610351562,3.9830000400543213,171.6199951171875,4048.419921875,0.6754611730575562
2023-03-07,19.59000015258789,3.9749999046325684,168.6199951171875,3986.3701171875,0.6733099818229675
2023-03-08,19.110000610351562,3.9760000705718994,168.5399932861328,3992.010009765625,0.6591001749038696
2023-03-09,22.610000610351562,3.924999952316284,170.1999969482422,3918.320068359375,0.6594000458717346
2023-03-10,24.799999237060547,3.694999933242798,173.8699951171875,3861.590087890625,0.6591001749038696
2023-03-13,26.520000457763672,3.515000104904175,177.86000061035156,3855.760009765625,0.6634203791618347
2023-03-14,23.729999542236328,3.638000011444092,176.8300018310547,3919.2900390625,0.6659198999404907
2023-03-15,26.139999389648438,3.492000102996826,178.2100067138672,3891.929931640625,0.6689097881317139
2023-03-16,22.989999771118164,3.5850000381469727,178.57000732421875,3960.280029296875,0.6618300080299377
2023-03-17,25.510000228881836,3.3949999809265137,183.77000427246094,3916.639892578125,0.6663401126861572
2023-03-20,24.149999618530273,3.4809999465942383,183.83999633789062,3951.570068359375,0.6713212132453918
2023-03-21,21.3799991607666,3.6059999465942383,180.3699951171875,4002.8701171875,0.6716899871826172
2023-03-22,22.260000228881836,3.5,183.44000244140625,3936.969970703125,0.667789876461029
2023-03-23,22.610000610351562,3.4059998989105225,185.74000549316406,3948.719970703125,0.6699314713478088
2023-03-24,21.739999771118164,3.380000114440918,183.64999389648438,3970.989990234375,0.6681597828865051
2023-03-27,20.600000381469727,3.5280001163482666,181.9499969482422,3977.530029296875,0.665530800819397
2023-03-28,19.969999313354492,3.563999891281128,183.44000244140625,3971.27001953125,0.6660095453262329
2023-03-29,19.1200008392334,3.565999984741211,182.52999877929688,4027.81005859375,0.6706907749176025
2023-03-30,19.020000457763672,3.5510001182556152,184.17999267578125,4050.830078125,0.6682482361793518
2023-03-31,18.700000762939453,3.49399995803833,183.22000122070312,4109.31005859375,0.6716818809509277
2023-04-03,18.549999237060547,3.430000066757202,184.5399932861328,4124.509765625,0.6658897995948792
2023-04-04,19.0,3.3369998931884766,187.97999572753906,4100.60009765625,0.6788502335548401
2023-04-05,19.079999923706055,3.2869999408721924,187.8300018310547,4090.3798828125,0.6758081316947937
2023-04-06,18.399999618530273,3.2880001068115234,186.49000549316406,4105.02001953125,0.6716683506965637
2023-04-10,18.969999313354492,3.4149999618530273,185.11000061035156,4109.10986328125,0.6673500537872314
2023-04-11,19.100000381469727,3.434000015258789,186.27999877929688,4108.93994140625,0.6648299694061279
2023-04-12,19.09000015258789,3.4210000038146973,187.19000244140625,4091.949951171875,0.6654002070426941
2023-04-13,17.799999237060547,3.4519999027252197,189.72000122070312,4146.22021484375,0.6699000597000122
2023-04-14,17.06999969482422,3.5220000743865967,186.36000061035156,4137.64013671875,0.6783998608589172
2023-04-17,16.950000762939453,3.5910000801086426,185.52999877929688,4151.31982421875,0.6705199480056763
2023-04-18,16.829999923706055,3.572000026702881,186.25,4154.8701171875,0.6700401306152344
2023-04-19,16.459999084472656,3.6019999980926514,185.36000061035156,4154.52001953125,0.6735698580741882
2023-04-20,17.170000076293945,3.5450000762939453,186.08999633789062,4129.7900390625,0.6705514192581177
2023-04-21,16.770000457763672,3.569999933242798,184.25,4133.52001953125,0.6743178963661194
2023-04-24,16.889999389648438,3.515000104904175,184.80999755859375,4137.0400390625,0.6693485379219055
2023-04-25,18.760000228881836,3.3959999084472656,185.75,4071.6298828125,0.6703805327415466
2023-04-26,18.84000015258789,3.431999921798706,184.74000549316406,4055.989990234375,0.663640022277832
2023-04-27,17.030000686645508,3.5280001163482666,184.75,4135.35009765625,0.6608380675315857
2023-04-28,15.779999732971191,3.4519999027252197,184.8000030517578,4169.47998046875,0.6630398035049438
2023-05-01,16.079999923706055,3.5739998817443848,183.97000122070312,4167.8701171875,0.6612401008605957
2023-05-02,17.780000686645508,3.438999891281128,187.52000427246094,4119.580078125,0.6622801423072815
2023-05-03,18.34000015258789,3.4030001163482666,189.11000061035156,4090.75,0.6673001646995544
2023-05-04,20.09000015258789,3.3510000705718994,190.44000244140625,4061.219970703125,0.6641517877578735
2023-05-05,17.190000534057617,3.446000099182129,187.4600067138672,4136.25,0.6696098446846008
2023-05-08,16.979999542236328,3.5209999084472656,187.69000244140625,4138.1201171875,0.6747683882713318
2023-05-09,17.709999084472656,3.5209999084472656,189.02000427246094,4119.169921875,0.6780994534492493
2023-05-10,16.940000534057617,3.438999891281128,188.75,4137.64013671875,0.6766906976699829
2023-05-11,16.93000030517578,3.3970000743865967,187.1300048828125,4130.6201171875,0.6781914234161377
2023-05-12,17.030000686645508,3.4630000591278076,186.80999755859375,4124.080078125,0.669989824295044
2023-05-15,17.1200008392334,3.507999897003174,187.2100067138672,4136.27978515625,0.6646903157234192
2023-05-16,17.989999771118164,3.5490000247955322,184.8699951171875,4109.89990234375,0.6703001260757446
2023-05-17,16.8700008392334,3.5810000896453857,184.22999572753906,4158.77001953125,0.6657789945602417
2023-05-18,16.049999237060547,3.6480000019073486,181.83999633789062,4198.0498046875,0.6655617952346802
2023-05-19,16.809999465942383,3.691999912261963,183.63999938964844,4191.97998046875,0.6629980802536011
2023-05-22,17.209999084472656,3.7190001010894775,183.2100067138672,4192.6298828125,0.666100025177002
2023-05-23,18.530000686645508,3.697999954223633,183.42999267578125,4145.580078125,0.6649687886238098
2023-05-24,20.030000686645508,3.7190001010894775,181.9499969482422,4115.240234375,0.6613581776618958
2023-05-25,19.139999389648438,3.813999891281128,180.1999969482422,4151.27978515625,0.6545102000236511
2023-05-26,17.950000762939453,3.809999942779541,180.9199981689453,4205.4501953125,0.6498485803604126
2023-05-30,17.459999084472656,3.700000047683716,182.0399932861328,4205.52001953125,0.6528502106666565
2023-05-31,17.940000534057617,3.63700008392334,182.32000732421875,4179.830078125,0.6517800092697144
2023-06-01,15.649999618530273,3.6080000400543213,183.75999450683594,4221.02001953125,0.6506401300430298
2023-06-02,14.600000381469727,3.690999984741211,181.0500030517578,4282.3701171875,0.657799482345581
2023-06-05,14.729999542236328,3.693000078201294,182.13999938964844,4273.7900390625,0.6599997878074646
2023-06-06,13.960000038146973,3.6989998817443848,182.33999633789062,4283.85009765625,0.6613494157791138
2023-06-07,13.9399995803833,3.7839999198913574,180.14999389648438,4267.52001953125,0.6679089665412903
2023-06-08,13.649999618530273,3.7139999866485596,182.52999877929688,4293.93017578125,0.665860116481781
2023-06-09,13.829999923706055,3.744999885559082,182.0399932861328,4298.85986328125,0.671259880065918
2023-06-12,15.010000228881836,3.765000104904175,181.8800048828125,4338.93017578125,0.6744998693466187
2023-06-13,14.609999656677246,3.8389999866485596,180.5399932861328,4369.009765625,0.6753101944923401
2023-06-14,13.880000114440918,3.7960000038146973,180.63999938964844,4372.58984375,0.6769289374351501
2023-06-15,14.5,3.7279999256134033,181.91000366210938,4425.83984375,0.6796895265579224
2023-06-16,13.539999961853027,3.7690000534057617,181.6300048828125,4409.58984375,0.688029944896698
2023-06-20,13.880000114440918,3.7290000915527344,179.75,4388.7099609375,0.6851379871368408
2023-06-21,13.199999809265137,3.7230000495910645,179.49000549316406,4365.68994140625,0.6788820624351501
2023-06-22,12.90999984741211,3.7990000247955322,177.7100067138672,4381.89013671875,0.6798702478408813
2023-06-23,13.4399995803833,3.739000082015991,178.1999969482422,4348.330078125,0.6760699152946472
2023-06-26,14.25,3.7190001010894775,178.50999450683594,4328.81982421875,0.6680517792701721
2023-06-27,13.739999771118164,3.7679998874664307,177.69000244140625,4378.41015625,0.6674498319625854
2023-06-28,13.430000305175781,3.7100000381469727,177.27999877929688,4376.85986328125,0.668140172958374
2023-06-29,13.539999961853027,3.8540000915527344,177.08999633789062,4396.43994140625,0.6600616574287415
2023-06-30,13.59000015258789,3.819000005722046,178.27000427246094,4450.3798828125,0.6619710922241211
2023-07-03,13.569999694824219,3.8580000400543213,178.47000122070312,4455.58984375,0.6658321619033813
2023-07-05,14.180000305175781,3.944999933242798,177.83999633789062,4446.81982421875,0.6692701578140259
2023-07-06,15.4399995803833,4.040999889373779,177.30999755859375,4411.58984375,0.6656903028488159
2023-07-07,14.829999923706055,4.050000190734863,178.63999938964844,4398.9501953125,0.6628398895263672
2023-07-10,15.069999694824219,4.00600004196167,178.77999877929688,4409.52978515625,0.6688382029533386
2023-07-11,14.84000015258789,3.9800000190734863,179.4499969482422,4439.259765625,0.667900025844574
2023-07-12,13.539999961853027,3.8610000610351562,181.8800048828125,4472.16015625,0.6693798899650574
2023-07-13,13.609999656677246,3.760999917984009,182.00999450683594,4510.0400390625,0.6792786121368408
2023-07-14,13.34000015258789,3.819000005722046,181.42999267578125,4505.419921875,0.6888617873191833
2023-07-17,13.479999542236328,3.796999931335449,181.55999755859375,4522.7900390625,0.6837793588638306
2023-07-18,13.300000190734863,3.7890000343322754,183.63999938964844,4554.97998046875,0.6810500025749207
2023-07-19,13.760000228881836,3.742000102996826,183.6699981689453,4565.72021484375,0.6814821362495422
2023-07-20,13.989999771118164,3.8540000915527344,182.74000549316406,4534.8701171875,0.6769999265670776
2023-07-21,13.600000381469727,3.8369998931884766,182.17999267578125,4536.33984375,0.6778190732002258
2023-07-24,13.90999984741211,3.8570001125335693,181.39999389648438,4554.64013671875,0.6725800037384033
2023-07-25,13.859999656677246,3.9119999408721924,182.41000366210938,4567.4599609375,0.6733009219169617
2023-07-26,13.1899995803833,3.8510000705718994,183.3000030517578,4566.75,0.6787599325180054
2023-07-27,14.40999984741211,4.01200008392334,180.4199981689453,4537.41015625,0.6759999394416809
2023-07-28,13.329999923706055,3.9690001010894775,181.86000061035156,4582.22998046875,0.6711859703063965
2023-07-31,13.630000114440918,3.9590001106262207,182.35000610351562,4588.9599609375,0.6660805344581604
2023-08-01,13.930000305175781,4.051000118255615,180.4600067138672,4576.72998046875,0.6716818809509277
2023-08-02,16.09000015258789,4.078000068664551,179.60000610351562,4513.39013671875,0.6617608070373535
2023-08-03,15.920000076293945,4.189000129699707,179.5399932861328,4501.89013671875,0.6544999480247498
2023-08-04,17.100000381469727,4.059999942779541,180.19000244140625,4478.02978515625,0.6561206579208374
2023-08-07,15.770000457763672,4.078000068664551,179.77999877929688,4518.43994140625,0.657371461391449
2023-08-08,15.989999771118164,4.026000022888184,178.63999938964844,4499.3798828125,0.6572591066360474
2023-08-09,15.960000038146973,4.01200008392334,177.7899932861328,4467.7099609375,0.6531601548194885
2023-08-10,15.850000381469727,4.079999923706055,177.60000610351562,4468.830078125,0.6536802053451538
2023-08-11,14.84000015258789,4.168000221252441,177.60000610351562,4464.0498046875,0.6512498259544373
2023-08-14,14.819999694824219,4.184000015258789,177.05999755859375,4489.72021484375,0.6495404839515686
2023-08-15,16.459999084472656,4.2210001945495605,176.58999633789062,4437.85986328125,0.6488400101661682
2023-08-16,16.780000686645508,4.257999897003174,175.57000732421875,4404.330078125,0.6457903981208801
2023-08-17,17.889999389648438,4.308000087738037,175.3000030517578,4370.35986328125,0.6414697170257568
2023-08-18,17.299999237060547,4.250999927520752,175.3300018310547,4369.7099609375,0.6406888961791992
2023-08-21,17.1299991607666,4.3420000076293945,175.80999755859375,4399.77001953125,0.6414697170257568
2023-08-22,16.969999313354492,4.328000068664551,176.10000610351562,4387.5498046875,0.6414080262184143
2023-08-23,15.979999542236328,4.197999954223633,177.88999938964844,4436.009765625,0.6427999138832092
2023-08-24,17.200000762939453,4.235000133514404,177.85000610351562,4376.31005859375,0.6480587720870972
2023-08-25,15.680000305175781,4.238999843597412,177.6199951171875,4405.7099609375,0.6413956880569458
2023-08-28,15.079999923706055,4.211999893188477,178.1300048828125,4433.31005859375,0.6416714191436768
2023-08-29,14.449999809265137,4.122000217437744,179.8699951171875,4497.6298828125,0.6428180932998657
2023-08-30,13.880000114440918,4.118000030517578,180.32000732421875,4514.8701171875,0.647659957408905
2023-08-31,13.569999694824219,4.0929999351501465,180.02000427246094,4507.66015625,0.6478782296180725
2023-09-01,13.09000015258789,4.172999858856201,180.11000061035156,4515.77001953125,0.6488408446311951
2023-09-05,14.010000228881836,4.26800012588501,178.63999938964844,4496.830078125,0.6458100080490112
2023-09-06,14.449999809265137,4.289999961853027,177.8300018310547,4465.47998046875,0.6375396251678467
2023-09-07,14.399999618530273,4.260000228881836,178.02000427246094,4451.14013671875,0.6383001804351807
2023-09-08,13.84000015258789,4.257999897003174,178.0800018310547,4457.490234375,0.6377400159835815
2023-09-11,13.800000190734863,4.288000106811523,178.41000366210938,4487.4599609375,0.6397993564605713
2023-09-12,14.229999542236328,4.263999938964844,177.49000549316406,4461.89990234375,0.643200159072876
2023-09-13,13.479999542236328,4.249000072479248,177.0800018310547,4467.43994140625,0.6428180932998657
2023-09-14,12.819999694824219,4.288000106811523,177.1699981689453,4505.10009765625,0.6421617865562439
2023-09-15,13.789999961853027,4.322000026702881,178.33999633789062,4450.31982421875,0.6432398557662964
2023-09-18,14.0,4.318999767303467,179.38999938964844,4453.52978515625,0.6440501809120178
2023-09-19,14.109999656677246,4.364999771118164,179.22000122070312,4443.9501953125,0.643960177898407
2023-09-20,15.140000343322754,4.348999977111816,179.35000610351562,4402.2001953125,0.646600067615509
2023-09-21,17.540000915527344,4.480000019073486,178.0500030517578,4330.0,0.6436100006103516
2023-09-22,17.200000762939453,4.438000202178955,178.6199951171875,4320.06005859375,0.6409598588943481
2023-09-25,16.899999618530273,4.541999816894531,177.6999969482422,4337.43994140625,0.6440999507904053
2023-09-26,18.940000534057617,4.558000087738037,176.27999877929688,4273.52978515625,0.6422001123428345
2023-09-27,18.219999313354492,4.625999927520752,174.10000610351562,4274.509765625,0.6393861770629883
2023-09-28,17.34000015258789,4.5970001220703125,173.22999572753906,4299.7001953125,0.634759783744812
2023-09-29,17.520000457763672,4.572999954223633,171.4499969482422,4288.0498046875,0.6427974700927734
2023-10-02,17.610000610351562,4.683000087738037,169.64999389648438,4288.39013671875,0.6437202095985413
2023-10-03,19.780000686645508,4.802000045776367,169.16000366210938,4229.4501953125,0.6362699270248413
2023-10-04,18.579999923706055,4.735000133514404,169.13999938964844,4263.75,0.6308901309967041
2023-10-05,18.489999771118164,4.7170000076293945,168.8300018310547,4258.18994140625,0.6329101920127869
2023-10-06,17.450000762939453,4.783999919891357,169.6999969482422,4308.5,0.6371049880981445
2023-10-09,17.700000762939453,4.796999931335449,172.82000732421875,4335.66015625,0.6371999979019165
2023-10-10,17.030000686645508,4.65500020980835,172.52999877929688,4358.240234375,0.6420900225639343
2023-10-11,16.09000015258789,4.59499979019165,173.7899932861328,4376.9501953125,0.643347442150116
2023-10-12,16.690000534057617,4.711999893188477,173.25999450683594,4349.60986328125,0.6418097615242004
2023-10-13,19.31999969482422,4.629000186920166,178.8300018310547,4327.77978515625,0.6316800117492676
2023-10-16,17.209999084472656,4.711999893188477,177.9600067138672,4373.6298828125,0.6312999725341797
2023-10-17,17.8799991607666,4.8470001220703125,178.2899932861328,4373.2001953125,0.6337798237800598
2023-10-18,19.219999313354492,4.9039998054504395,180.8699951171875,4314.60009765625,0.6362699270248413
2023-10-19,21.399999618530273,4.98799991607666,183.08999633789062,4278.0,0.6332400441169739
2023-10-20,21.709999084472656,4.923999786376953,183.58999633789062,4224.16015625,0.6326999664306641
2023-10-23,20.3700008392334,4.8379998207092285,182.97000122070312,4217.0400390625,0.6320393085479736
2023-10-24,18.969999313354492,4.840000152587891,182.9499969482422,4247.68017578125,0.6336702108383179
2023-10-25,20.190000534057617,4.953000068664551,183.72000122070312,4186.77001953125,0.6360999345779419
2023-10-26,20.68000030517578,4.84499979019165,184.00999450683594,4137.22998046875,0.6296999454498291
2023-10-27,21.270000457763672,4.84499979019165,186.14999389648438,4117.3701171875,0.6335999369621277
2023-10-30,19.75,4.875,185.10000610351562,4166.81982421875,0.6338903307914734
2023-10-31,18.139999389648438,4.875,184.08999633789062,4193.7998046875,0.637100100517273
2023-11-01,16.8700008392334,4.789000034332275,183.50999450683594,4237.85986328125,0.6339948177337646
2023-11-02,15.65999984741211,4.669000148773193,184.1199951171875,4317.77978515625,0.642259955406189
2023-11-03,14.90999984741211,4.558000087738037,184.7899932861328,4358.33984375,0.6427900195121765
2023-11-06,14.890000343322754,4.6620001792907715,183.35000610351562,4365.97998046875,0.6516865491867065
2023-11-07,14.8100004196167,4.571000099182129,182.58999633789062,4378.3798828125,0.6489419341087341
2023-11-08,14.449999809265137,4.5229997634887695,180.77000427246094,4382.77978515625,0.6430099010467529
2023-11-09,15.289999961853027,4.630000114440918,181.49000549316406,4347.35009765625,0.6405698657035828
2023-11-10,14.170000076293945,4.627999782562256,179.50999450683594,4415.240234375,0.6361699104309082
2023-11-13,14.760000228881836,4.631999969482422,180.50999450683594,4411.5498046875,0.6364598870277405
2023-11-14,14.15999984741211,4.440999984741211,182.1199951171875,4495.7001953125,0.6381002068519592
2023-11-15,14.180000305175781,4.534999847412109,181.63999938964844,4502.8798828125,0.6499837636947632
2023-11-16,14.319999694824219,4.445000171661377,183.69000244140625,4508.240234375,0.6511502265930176
2023-11-17,13.800000190734863,4.440999984741211,183.6699981689453,4514.02001953125,0.6470816731452942
2023-11-20,13.40999984741211,4.421999931335449,183.3699951171875,4547.3798828125,0.6513597369194031
2023-11-21,13.350000381469727,4.418000221252441,185.35000610351562,4538.18994140625,0.6564001441001892
2023-11-22,12.850000381469727,4.415999889373779,184.55999755859375,4556.6201171875,0.6559097170829773
2023-11-24,12.460000038146973,4.4720001220703125,185.52000427246094,4559.33984375,0.6560100317001343
2023-11-27,12.6899995803833,4.388999938964844,186.77000427246094,4550.43017578125,0.658129870891571
2023-11-28,12.6899995803833,4.335999965667725,189.25999450683594,4554.89013671875,0.661250114440918
2023-11-29,12.979999542236328,4.270999908447266,189.5399932861328,4550.580078125,0.6658999919891357
2023-11-30,12.920000076293945,4.3520002365112305,188.75,4567.7998046875,0.6619009971618652
2023-12-01,12.630000114440918,4.22599983215332,192.00999450683594,4594.6298828125,0.6606799960136414
2023-12-04,13.079999923706055,4.288000106811523,187.86000061035156,4569.77978515625,0.6682884097099304
2023-12-05,12.850000381469727,4.171000003814697,187.14999389648438,4567.18017578125,0.6617100238800049
2023-12-06,12.970000267028809,4.120999813079834,187.83999633789062,4549.33984375,0.6554699540138245
2023-12-07,13.0600004196167,4.129000186920166,188.14999389648438,4585.58984375,0.6551401019096375
2023-12-08,12.350000381469727,4.244999885559082,185.63999938964844,4604.3701171875,0.6594479084014893
2023-12-11,12.630000114440918,4.238999843597412,183.58999633789062,4622.43994140625,0.6579799652099609
2023-12-12,12.069999694824219,4.205999851226807,183.49000549316406,4643.7001953125,0.6565001010894775
2023-12-13,12.1899995803833,4.0329999923706055,187.6300048828125,4707.08984375,0.6564600467681885
2023-12-14,12.479999542236328,3.930000066757202,188.72999572753906,4719.5498046875,0.6665000319480896
2023-12-15,12.279999732971191,3.927999973297119,187.0,4719.18994140625,0.6702682375907898
2023-12-18,12.5600004196167,3.9539999961853027,187.85000610351562,4740.56005859375,0.6698910593986511
2023-12-19,12.529999732971191,3.921999931335449,189.1300048828125,4768.3701171875,0.6703715920448303
2023-12-20,13.670000076293945,3.877000093460083,188.10000610351562,4698.35009765625,0.6762998700141907
2023-12-21,13.649999618530273,3.8940000534057617,189.42999267578125,4746.75,0.6739816665649414
2023-12-22,13.029999732971191,3.9010000228881836,190.27000427246094,4754.6298828125,0.6796802878379822
2023-12-26,12.989999771118164,3.885999917984009,191.72000122070312,4774.75,0.6806008219718933
2023-12-27,12.430000305175781,3.7890000343322754,192.58999633789062,4781.580078125,0.6823800802230835
2023-12-28,12.470000267028809,3.8499999046325684,191.47000122070312,4783.35009765625,0.6854700446128845
2023-12-29,12.449999809265137,3.865999937057495,191.1699981689453,4769.830078125,0.6826302409172058
2024-01-02,13.199999809265137,3.946000099182129,190.72000122070312,4742.830078125,0.6810504198074341
2024-01-03,14.039999961853027,3.9070000648498535,189.1300048828125,4704.81005859375,0.6765698194503784
2024-01-04,14.130000114440918,3.990999937057495,189.32000732421875,4688.68017578125,0.6736002564430237
2024-01-05,13.350000381469727,4.041999816894531,189.35000610351562,4697.240234375,0.6706593036651611
2024-01-08,13.079999923706055,4.001999855041504,187.8699951171875,4763.5400390625,0.6716412901878357
2024-01-09,12.760000228881836,4.019000053405762,187.92999267578125,4756.5,0.6720001101493835
2024-01-10,12.6899995803833,4.03000020980835,187.5,4783.4501953125,0.6684702038764954
2024-01-11,12.4399995803833,3.9769999980926514,187.8699951171875,4780.240234375,0.6703999042510986
2024-01-12,12.699999809265137,3.950000047683716,189.7100067138672,4783.830078125,0.6698498129844666
2024-01-16,13.84000015258789,4.065999984741211,187.91000366210938,4765.97998046875,0.6650399565696716
2024-01-17,14.789999961853027,4.105999946594238,185.83999633789062,4739.2099609375,0.6588900089263916
2024-01-18,14.130000114440918,4.144000053405762,187.3699951171875,4780.93994140625,0.6551997661590576
2024-01-19,13.300000190734863,4.145999908447266,187.92999267578125,4839.81005859375,0.6582845449447632
2024-01-22,13.1899995803833,4.093999862670898,187.22000122070312,4850.43017578125,0.6595479249954224
2024-01-23,12.550000190734863,4.142000198364258,187.9499969482422,4864.60009765625,0.6570599675178528
2024-01-24,13.140000343322754,4.177999973297119,186.39999389648438,4868.5498046875,0.6586300730705261
2024-01-25,13.449999809265137,4.131999969482422,187.13999938964844,4894.16015625,0.6576697826385498
2024-01-26,13.260000228881836,4.159999847412109,187.00999450683594,4890.97021484375,0.6585879921913147
2024-01-29,13.600000381469727,4.091000080108643,188.3300018310547,4927.93017578125,0.6578601002693176
2024-01-30,13.3100004196167,4.059000015258789,188.58999633789062,4924.97021484375,0.6614194512367249
2024-01-31,14.350000381469727,3.9670000076293945,188.4499969482422,4845.64990234375,0.659480094909668
2024-02-01,13.880000114440918,3.86299991607666,190.41000366210938,4906.18994140625,0.656150758266449
2024-02-02,13.850000381469727,4.0329999923706055,188.61000061035156,4958.60986328125,0.6574898362159729
2024-02-05,13.670000076293945,4.164000034332275,187.57000732421875,4942.81005859375,0.6505080461502075
2024-02-06,13.0600004196167,4.090000152587891,188.5500030517578,4954.22998046875,0.6480293273925781
2024-02-07,12.829999923706055,4.110000133514404,188.5,4995.06005859375,0.6529674530029297
2024-02-08,12.789999961853027,4.170000076293945,188.3300018310547,4997.91015625,0.6521880626678467
2024-02-09,12.930000305175781,4.186999797821045,187.60000610351562,5026.60986328125,0.6497599482536316
2024-02-12,13.930000305175781,4.171999931335449,187.11000061035156,5021.83984375,0.6525583267211914
2024-02-13,15.850000381469727,4.315999984741211,184.52999877929688,4953.169921875,0.6528898477554321
2024-02-14,14.380000114440918,4.267000198364258,184.4199981689453,5000.6201171875,0.6453399062156677
2024-02-15,14.010000228881836,4.239999771118164,185.66000366210938,5029.72998046875,0.6498798131942749
2024-02-16,14.239999771118164,4.295000076293945,186.33999633789062,5005.56982421875,0.6525498628616333
2024-02-20,15.420000076293945,4.275000095367432,187.47000122070312,4975.509765625,0.6530783176422119
2024-02-21,15.34000015258789,4.324999809265137,187.47999572753906,4981.7998046875,0.6553500890731812
2024-02-22,14.539999961853027,4.327000141143799,187.55999755859375,5087.02978515625,0.6553199887275696
2024-02-23,13.75,4.260000228881836,188.6199951171875,5088.7998046875,0.6559101939201355
2024-02-26,13.739999771118164,4.298999786376953,188.1999969482422,5069.52978515625,0.6565384864807129
2024-02-27,13.430000305175781,4.315000057220459,188.0,5078.18017578125,0.6539598107337952
2024-02-28,13.84000015258789,4.27400016784668,188.33999633789062,5069.759765625,0.6543898582458496
2024-02-29,13.399999618530273,4.251999855041504,189.30999755859375,5096.27001953125,0.6494700312614441
2024-03-01,13.109999656677246,4.179999828338623,192.88999938964844,5137.080078125,0.6498401165008545
2024-03-04,13.489999771118164,4.218999862670898,196.00999450683594,5130.9501953125,0.6527883410453796
2024-03-05,14.460000038146973,4.13700008392334,197.19000244140625,5078.64990234375,0.6507620811462402
2024-03-06,14.5,4.104000091552734,198.80999755859375,5104.759765625,0.6503900289535522
2024-03-07,14.4399995803833,4.0920000076293945,199.94000244140625,5157.35986328125,0.6566298604011536
2024-03-08,14.739999771118164,4.089000225067139,201.6300048828125,5123.68994140625,0.6621301770210266
2024-03-11,15.220000267028809,4.104000091552734,202.0,5117.93994140625,0.6624314785003662
2024-03-12,13.84000015258789,4.15500020980835,199.7899932861328,5175.27001953125,0.6615506410598755
2024-03-13,13.75,4.191999912261963,201.19000244140625,5165.31005859375,0.6607297658920288
2024-03-14,14.399999618530273,4.297999858856201,200.35000610351562,5150.47998046875,0.6627599000930786
2024-03-15,14.40999984741211,4.303999900817871,199.7100067138672,5117.08984375,0.6579297780990601
2024-03-18,14.329999923706055,4.340000152587891,200.02999877929688,5149.419921875,0.6557978987693787
2024-03-19,13.819999694824219,4.296999931335449,199.8000030517578,5178.509765625,0.655750572681427
2024-03-20,13.039999961853027,4.2729997634887695,202.17999267578125,5224.6201171875,0.6526401042938232
2024-03-21,12.920000076293945,4.270999908447266,201.97000122070312,5241.52978515625,0.6597799062728882
2024-03-22,13.0600004196167,4.2179999351501465,200.35000610351562,5234.18017578125,0.657418966293335
2024-03-25,13.1899995803833,4.252999782562256,200.99000549316406,5218.18994140625,0.6515804529190063
2024-03-26,13.239999771118164,4.234000205993652,201.63999938964844,5203.580078125,0.6538896560668945
2024-03-27,12.779999732971191,4.196000099182129,203.10000610351562,5248.490234375,0.6538982391357422
2024-03-28,13.010000228881836,4.205999851226807,205.72000122070312,5254.35009765625,0.6521999835968018
2024-04-01,13.649999618530273,4.328999996185303,207.82000732421875,5243.77001953125,0.6533001661300659
2024-04-02,14.609999656677246,4.364999771118164,210.88999938964844,5205.81005859375,0.6487903594970703
2024-04-03,14.329999923706055,4.355000019073486,212.74000549316406,5211.490234375,0.651439905166626
2024-04-04,16.350000381469727,4.309000015258789,211.52000427246094,5147.2099609375,0.6568998694419861
2024-04-05,16.030000686645508,4.377999782562256,215.13999938964844,5204.33984375,0.6587702035903931
2024-04-08,15.1899995803833,4.423999786376953,216.47999572753906,5202.39013671875,0.6570215821266174
2024-04-09,14.979999542236328,4.366000175476074,217.6699981689453,5209.91015625,0.6604998111724854
2024-04-10,15.800000190734863,4.559999942779541,215.61000061035156,5160.64013671875,0.662850022315979
2024-04-11,14.90999984741211,4.576000213623047,219.8000030517578,5199.06005859375,0.6507201194763184
2024-04-12,17.309999465942383,4.499000072479248,216.88999938964844,5123.41015625,0.6540607213973999
2024-04-15,19.229999542236328,4.627999782562256,220.9499969482422,5061.81982421875,0.6475803256034851
2024-04-16,18.399999618530273,4.658999919891357,221.22000122070312,5051.41015625,0.644250214099884
2024-04-17,18.209999084472656,4.585000038146973,219.58999633789062,5022.2099609375,0.6412801146507263
2024-04-18,18.0,4.646999835968018,220.33999633789062,5011.1201171875,0.6439813375473022
2024-04-19,18.709999084472656,4.614999771118164,221.02999877929688,4967.22998046875,0.6424699425697327
2024-04-22,16.940000534057617,4.623000144958496,215.57000732421875,5010.60009765625,0.6425991654396057
2024-04-23,15.6899995803833,4.5980000495910645,215.0399932861328,5070.5498046875,0.6452862024307251
2024-04-24,15.970000267028809,4.6519999504089355,214.63999938964844,5071.6298828125,0.6488901376724243
2024-04-25,15.369999885559082,4.705999851226807,215.9199981689453,5048.419921875,0.6496999263763428
2024-04-26,15.029999732971191,4.669000148773193,216.6199951171875,5099.9599609375,0.6523199677467346
2024-04-29,14.670000076293945,4.613999843597412,216.17999267578125,5116.169921875,0.6541398763656616
2024-04-30,15.649999618530273,4.685999870300293,211.8699951171875,5035.68994140625,0.6561899185180664
2024-05-01,15.390000343322754,4.59499979019165,213.7899932861328,5018.39013671875,0.6478001475334167
2024-05-02,14.680000305175781,4.571000099182129,213.1300048828125,5064.2001953125,0.653190016746521
2024-05-03,13.489999771118164,4.5,212.9600067138672,5127.7900390625,0.6571398973464966
2024-05-06,13.489999771118164,4.488999843597412,215.1999969482422,5180.740234375,0.6609079837799072
2024-05-07,13.229999542236328,4.4629998207092285,214.2100067138672,5187.7001953125,0.6623920202255249
2024-05-08,13.0,4.492000102996826,213.5800018310547,5187.669921875,0.6589199900627136
2024-05-09,12.6899995803833,4.448999881744385,216.9499969482422,5214.080078125,0.657680094242096
2024-05-10,12.550000190734863,4.504000186920166,218.7100067138672,5222.68017578125,0.6620998978614807
2024-05-13,13.600000381469727,4.480999946594238,216.25999450683594,5221.419921875,0.6601008772850037
2024-05-14,13.420000076293945,4.445000171661377,218.08999633789062,5246.68017578125,0.6612882018089294
2024-05-15,12.449999809265137,4.355999946594238,220.88999938964844,5308.14990234375,0.6626027226448059
2024-05-16,12.420000076293945,4.376999855041504,220.02999877929688,5297.10009765625,0.6701065301895142
2024-05-17,11.989999771118164,4.420000076293945,223.66000366210938,5303.27001953125,0.6683151721954346
2024-05-20,12.149999618530273,4.436999797821045,224.55999755859375,5308.1298828125,0.6700705885887146
2024-05-21,11.859999656677246,4.414000034332275,224.22999572753906,5321.41015625,0.6672093272209167
2024-05-22,12.289999961853027,4.434000015258789,220.11000061035156,5307.009765625,0.6667097806930542
2024-05-23,12.770000457763672,4.474999904632568,215.72000122070312,5267.83984375,0.6619185209274292
2024-05-24,11.930000305175781,4.4670000076293945,215.9199981689453,5304.72021484375,0.6601487994194031
2024-05-28,12.920000076293945,4.541999816894531,218.19000244140625,5306.0400390625,0.6655617952346802
2024-05-29,14.279999732971191,4.624000072479248,216.16000366210938,5266.9501953125,0.6647999286651611
2024-05-30,14.470000267028809,4.553999900817871,216.57000732421875,5235.47998046875,0.6613699793815613
2024-05-31,12.920000076293945,4.513999938964844,215.3000030517578,5277.509765625,0.6630301475524902
2024-06-03,13.109999656677246,4.4019999504089355,217.22000122070312,5283.39990234375,0.6656903028488159
2024-06-04,13.15999984741211,4.335999965667725,215.27000427246094,5291.33984375,0.669008195400238
2024-06-05,12.630000114440918,4.289000034332275,217.82000732421875,5354.02978515625,0.6646201014518738
2024-06-06,12.579999923706055,4.281000137329102,219.42999267578125,5352.9599609375,0.6657789945602417
2024-06-07,12.220000267028809,4.429999828338623,211.60000610351562,5346.990234375,0.6669601202011108
2024-06-10,12.739999771118164,4.468999862670898,213.5399932861328,5360.7900390625,0.6582714915275574
2024-06-11,12.850000381469727,4.4039998054504395,214.14999389648438,5375.31982421875,0.6608948111534119
2024-06-12,12.039999961853027,4.295000076293945,214.72000122070312,5421.02978515625,0.6607699394226074
2024-06-13,11.9399995803833,4.23799991607666,212.97000122070312,5433.740234375,0.6662899851799011
2024-06-14,12.65999984741211,4.2129998207092285,215.72999572753906,5431.60009765625,0.6633102893829346
2024-06-17,12.75,4.2789998054504395,214.61000061035156,5473.22998046875,0.6612882018089294
2024-06-18,12.300000190734863,4.2170000076293945,215.47000122070312,5487.02978515625,0.6622077822685242
2024-06-20,13.279999732971191,4.254000186920166,218.16000366210938,5473.169921875,0.6675300002098083
2024-06-21,13.199999809265137,4.256999969482422,214.77999877929688,5464.6201171875,0.6660698652267456
2024-06-24,13.329999923706055,4.248000144958496,215.6300048828125,5447.8701171875,0.6635000109672546
2024-06-25,12.84000015258789,4.23799991607666,214.55999755859375,5469.2998046875,0.6654599905014038
2024-06-26,12.550000190734863,4.315999984741211,212.5800018310547,5477.89990234375,0.6644800901412964
2024-06-27,12.239999771118164,4.288000106811523,214.99000549316406,5482.8701171875,0.6644783020019531
2024-06-28,12.4399995803833,4.3429999351501465,215.00999450683594,5460.47998046875,0.6650599241256714
2024-07-01,12.220000267028809,4.479000091552734,215.57000732421875,5475.08984375,0.6674007773399353
2024-07-02,12.029999732971191,4.435999870300293,215.55999755859375,5509.009765625,0.6654599905014038
2024-07-03,12.09000015258789,4.355000019073486,217.99000549316406,5537.02001953125,0.6668298244476318
2024-07-05,12.479999542236328,4.271999835968018,220.92999267578125,5567.18994140625,0.6725085377693176
2024-07-08,12.369999885559082,4.269000053405762,218.19000244140625,5572.85009765625,0.6746591329574585
2024-07-09,12.510000228881836,4.300000190734863,218.55999755859375,5576.97998046875,0.6743202209472656
2024-07-10,12.850000381469727,4.28000020980835,219.36000061035156,5633.91015625,0.6741496920585632
2024-07-11,12.920000076293945,4.192999839782715,223.25,5584.5400390625,0.6751797795295715
2024-07-12,12.460000038146973,4.189000129699707,223.11000061035156,5615.35009765625,0.6768500804901123
2024-07-15,13.119999885559082,4.229000091552734,223.8300018310547,5631.22021484375,0.6771998405456543
2024-07-16,13.1899995803833,4.166999816894531,228.2899932861328,5667.2001953125,0.6763300895690918
2024-07-17,14.479999542236328,4.145999908447266,227.22999572753906,5588.27001953125,0.6731998324394226
2024-07-18,15.930000305175781,4.189000129699707,225.77999877929688,5544.58984375,0.6730697751045227
2024-07-19,16.520000457763672,4.238999843597412,221.72999572753906,5505.0,0.6705500483512878
2024-07-22,14.90999984741211,4.260000228881836,221.8000030517578,5564.41015625,0.6696308851242065
2024-07-23,14.720000267028809,4.238999843597412,222.5800018310547,5555.740234375,0.6640105843544006
2024-07-24,18.040000915527344,4.285999774932861,221.8000030517578,5427.1298828125,0.6612094640731812
2024-07-25,18.459999084472656,4.25600004196167,218.3300018310547,5399.22021484375,0.6574798822402954
2024-07-26,16.389999389648438,4.199999809265137,220.6300048828125,5459.10009765625,0.6542999744415283
2024-07-29,16.600000381469727,4.177999973297119,220.32000732421875,5463.5400390625,0.6554999947547913
2024-07-30,17.690000534057617,4.14300012588501,222.52000427246094,5436.43994140625,0.6551405787467957
2024-07-31,16.360000610351562,4.109000205993652,226.5500030517578,5522.2998046875,0.6541501879692078
2024-08-01,18.59000015258789,3.9760000705718994,225.77000427246094,5446.68017578125,0.6547001004219055
2024-08-02,23.389999389648438,3.7920000553131104,225.33999633789062,5346.56005859375,0.6494898200035095
2024-08-05,38.56999969482422,3.7850000858306885,222.47999572753906,5186.330078125,0.6497219204902649
2024-08-06,27.709999084472656,3.888000011444092,220.6999969482422,5240.02978515625,0.6515498757362366
2024-08-07,27.850000381469727,3.9679999351501465,220.5500030517578,5199.5,0.6515001654624939
2024-08-08,23.790000915527344,3.996999979019165,224.00999450683594,5319.31005859375,0.6515973806381226
2024-08-09,20.3700008392334,3.941999912261963,224.55999755859375,5344.16015625,0.659200131893158
2024-08-12,20.709999084472656,3.9089999198913574,228.41000366210938,5344.39013671875,0.6569784283638
2024-08-13,18.1200008392334,3.8519999980926514,228.05999755859375,5434.43017578125,0.6585316061973572
2024-08-14,16.190000534057617,3.819999933242798,226.1999969482422,5455.2099609375,0.6638598442077637
2024-08-15,15.229999542236328,3.9260001182556152,226.91000366210938,5543.22021484375,0.6600006818771362
2024-08-16,14.800000190734863,3.8919999599456787,231.99000549316406,5554.25,0.6612488627433777
2024-08-19,14.649999618530273,3.867000102996826,231.61000061035156,5608.25,0.6672983765602112
2024-08-20,15.880000114440918,3.818000078201294,232.4600067138672,5597.1201171875,0.6735321879386902
2024-08-21,16.270000457763672,3.7780001163482666,232.14999389648438,5620.85009765625,0.6747274398803711
2024-08-22,17.549999237060547,3.861999988555908,229.3699951171875,5570.64013671875,0.6749701499938965
2024-08-23,15.859999656677246,3.806999921798706,232.02000427246094,5634.60986328125,0.6708199381828308
2024-08-26,16.149999618530273,3.818000078201294,232.75999450683594,5616.83984375,0.6787806153297424
2024-08-27,15.430000305175781,3.8329999446868896,233.38999938964844,5625.7998046875,0.6772910952568054
2024-08-28,17.110000610351562,3.8410000801086426,231.75,5592.18017578125,0.6787898540496826
2024-08-29,15.649999618530273,3.867000102996826,232.9499969482422,5591.9599609375,0.6783100962638855
2024-08-30,15.0,3.9110000133514404,231.2899932861328,5648.39990234375,0.67958003282547
2024-09-03,20.719999313354492,3.8440001010894775,230.2899932861328,5528.93017578125,0.6787299513816833
2024-09-04,21.31999969482422,3.7679998874664307,230.42999267578125,5520.06982421875,0.6714000701904297
2024-09-05,19.899999618530273,3.7309999465942383,232.35000610351562,5503.41015625,0.6716187596321106
2024-09-06,22.3799991607666,3.7100000381469727,230.6300048828125,5408.419921875,0.6740502119064331
2024-09-09,19.450000762939453,3.697000026702881,231.60000610351562,5471.0498046875,0.6670802235603333
2024-09-10,19.079999923706055,3.6459999084472656,232.6199951171875,5495.52001953125,0.6657878756523132
2024-09-11,17.690000534057617,3.6530001163482666,232.25,5554.1298828125,0.6653298139572144
2024-09-12,17.06999969482422,3.680000066757202,236.3300018310547,5595.759765625,0.6676998138427734
2024-09-13,16.559999465942383,3.6500000953674316,238.67999267578125,5626.02001953125,0.6726899147033691
2024-09-16,17.139999389648438,3.621000051498413,238.66000366210938,5633.08984375,0.6713797450065613
2024-09-17,17.610000610351562,3.6419999599456787,237.33999633789062,5634.580078125,0.6751897931098938
2024-09-18,18.229999542236328,3.684999942779541,235.50999450683594,5618.259765625,0.6762696504592896
2024-09-19,16.329999923706055,3.740000009536743,239.1699981689453,5713.64013671875,0.676369845867157
2024-09-20,16.149999618530273,3.7279999256134033,242.2100067138672,5702.5498046875,0.6809576749801636
2024-09-23,15.890000343322754,3.739000082015991,242.67999267578125,5718.56982421875,0.6809993982315063
2024-09-24,15.390000343322754,3.7360000610351562,246.07000732421875,5732.93017578125,0.6834102272987366
2024-09-25,15.40999984741211,3.7809998989105225,245.72999572753906,5722.259765625,0.6905400156974792
2024-09-26,15.369999885559082,3.7909998893737793,246.97999572753906,5745.3701171875,0.6821599006652832
2024-09-27,16.959999084472656,3.749000072479248,245.02000427246094,5738.169921875,0.689280092716217
2024-09-30,16.729999542236328,3.802000045776367,243.05999755859375,5762.47998046875,0.6918787360191345
2024-10-01,19.260000228881836,3.743000030517578,245.61000061035156,5708.75,0.6915801763534546
2024-10-02,18.899999618530273,3.7850000858306885,245.66000366210938,5709.5400390625,0.6879992485046387
2024-10-03,20.489999771118164,3.8499999046325684,245.49000549316406,5699.93994140625,0.6887099742889404
2024-10-04,19.209999084472656,3.9809999465942383,245.0,5751.06982421875,0.6850300431251526
2024-10-07,22.639999389648438,4.026000022888184,244.1699981689453,5695.93994140625,0.6800592541694641
2024-10-08,21.420000076293945,4.0329999923706055,242.3699951171875,5751.1298828125,0.6755999326705933
2024-10-09,20.860000610351562,4.066999912261963,241.0500030517578,5792.0400390625,0.6739597916603088
2024-10-10,20.93000030517578,4.0960001945495605,242.82000732421875,5780.0498046875,0.6717401146888733
2024-10-11,20.459999084472656,4.072999954223633,245.47000122070312,5815.02978515625,0.6740997433662415
2024-10-14,19.700000762939453,4.0980000495910645,245.07000732421875,5859.85009765625,0.6731105446815491
2024-10-15,20.639999389648438,4.038000106811523,245.9199981689453,5815.259765625,0.6725999116897583
2024-10-16,19.579999923706055,4.015999794006348,247.14999389648438,5842.47021484375,0.6682080030441284
2024-10-17,19.110000610351562,4.0960001945495605,248.6300048828125,5841.47021484375,0.6664889454841614
2024-10-18,18.030000686645508,4.072999954223633,251.27000427246094,5864.669921875,0.6699718832969666
2024-10-21,18.3700008392334,4.182000160217285,251.22000122070312,5853.97998046875,0.6716818809509277
2024-10-22,18.200000762939453,4.203999996185303,253.92999267578125,5851.2001953125,0.6653094291687012
2024-10-23,19.239999771118164,4.242000102996826,250.8699951171875,5797.419921875,0.6685997843742371
2024-10-24,19.079999923706055,4.199999809265137,252.8000030517578,5809.85986328125,0.663599967956543
2024-10-25,20.329999923706055,4.23199987411499,253.32000732421875,5808.1201171875,0.663702130317688
2024-10-28,19.799999237060547,4.2779998779296875,253.3300018310547,5823.52001953125,0.6603406071662903
2024-10-29,19.34000015258789,4.27400016784668,256.0899963378906,5832.919921875,0.6582671999931335
2024-10-30,20.350000381469727,4.265999794006348,257.5,5813.669921875,0.6563001871109009
2024-10-31,23.15999984741211,4.283999919891357,253.50999450683594,5705.4501953125,0.6572798490524292
2024-11-01,21.8799991607666,4.361000061035156,252.47000122070312,5728.7998046875,0.657680094242096
2024-11-04,21.979999542236328,4.309000015258789,252.8300018310547,5712.68994140625,0.6591914296150208
2024-11-05,20.489999771118164,4.289000034332275,253.39999389648438,5782.759765625,0.6584101915359497
2024-11-06,16.270000457763672,4.426000118255615,245.6999969482422,5929.0400390625,0.6641499996185303
2024-11-07,15.199999809265137,4.341000080108643,249.64999389648438,5973.10009765625,0.6567001342773438
2024-11-08,14.9399995803833,4.306000232696533,247.9600067138672,5995.5400390625,0.6676815152168274
2024-11-11,14.970000267028809,4.308000087738037,242.13999938964844,6001.35009765625,0.65845787525177
2024-11-12,14.710000038146973,4.432000160217285,240.0500030517578,5983.990234375,0.6577605605125427
2024-11-13,14.020000457763672,4.451000213623047,237.6300048828125,5985.3798828125,0.6529401540756226
2024-11-14,14.3100004196167,4.418000221252441,237.00999450683594,5949.169921875,0.6492705345153809
2024-11-15,16.139999389648438,4.427999973297119,236.58999633789062,5870.6201171875,0.6455498337745667
2024-11-18,15.579999923706055,4.414000034332275,241.08999633789062,5893.6201171875,0.6463413834571838
2024-11-19,16.350000381469727,4.379000186920166,243.25,5916.97998046875,0.650590181350708
2024-11-20,17.15999984741211,4.406000137329102,244.6199951171875,5917.10986328125,0.6541501879692078
2024-11-21,16.8700008392334,4.432000160217285,246.66000366210938,5948.7099609375,0.6513999700546265
2024-11-22,15.239999771118164,4.409999847412109,249.83999633789062,5969.33984375,0.6510289311408997
2024-11-25,14.600000381469727,4.264999866485596,242.47999572753906,5987.3701171875,0.6539880037307739
2024-11-26,14.100000381469727,4.302000045776367,242.9499969482422,6021.6298828125,0.646379828453064
2024-11-27,14.100000381469727,4.242000102996826,243.49000549316406,5998.740234375,0.6475173830986023
2024-11-29,13.510000228881836,4.177999973297119,245.58999633789062,6032.3798828125,0.6507400274276733
2024-12-02,13.34000015258789,4.196000099182129,243.44000244140625,6047.14990234375,0.6502415537834167
2024-12-03,13.300000190734863,4.2230000495910645,243.92999267578125,6049.8798828125,0.6475300192832947
2024-12-04,13.449999809265137,4.179999828338623,244.6699981689453,6086.490234375,0.6485504508018494
2024-12-05,13.539999961853027,4.179999828338623,242.86000061035156,6075.10986328125,0.6432936787605286
2024-12-06,12.770000457763672,4.151000022888184,242.9499969482422,6090.27001953125,0.6449898481369019
2024-12-09,14.1899995803833,4.198999881744385,245.36000061035156,6052.85009765625,0.639991819858551
2024-12-10,14.180000305175781,4.2210001945495605,248.58999633789062,6034.91015625,0.643790602684021
2024-12-11,13.579999923706055,4.270999908447266,250.9600067138672,6084.18994140625,0.6376001834869385
2024-12-12,13.920000076293945,4.323999881744385,247.27999877929688,6051.25,0.6383902430534363
2024-12-13,13.8100004196167,4.39900016784668,244.2899932861328,6051.08984375,0.6375001668930054
2024-12-16,14.6899995803833,4.396999835968018,244.8800048828125,6074.080078125,0.6367115378379822
2024-12-17,15.869999885559082,4.385000228881836,243.94000244140625,6050.60986328125,0.6376400589942932
2024-12-18,27.6200008392334,4.49399995803833,239.25999450683594,5872.16015625,0.6341153979301453
2024-12-19,24.09000015258789,4.570000171661377,239.60000610351562,5867.080078125,0.6206199526786804
2024-12-20,18.360000610351562,4.52400016784668,242.10000610351562,5930.85009765625,0.6233997941017151
2024-12-23,16.780000686645508,4.598999977111816,240.9600067138672,5974.06982421875,0.6252892017364502
2024-12-24,14.270000457763672,4.591000080108643,241.44000244140625,6040.0400390625,0.6244925856590271
2024-12-26,14.729999542236328,4.578999996185303,243.07000732421875,6037.58984375,0.6244574785232544
2024-12-27,15.949999809265137,4.61899995803833,241.39999389648438,5970.83984375,0.6223007440567017
2024-12-30,17.399999618530273,4.545000076293945,240.6300048828125,5906.93994140625,0.6225099563598633
